1001,富豪東方酒店,,2009,九龍九龍城沙浦道30-38號富豪東方酒店,"Regal Oriental Hotel, 30-38 Sa Po Road, Kowloon City, Kowloon",0,0,27180333,roh.info@regalhotel.com,494,07:00 - 23:00,24 Hours,24 Hours,4/1/2022 18:53,1,NULL
1002,君立酒店,,2008,"九龍九龍灣宏光道15號地庫-地下(部份), 1-6字樓, 天台及天台高層(部份)","15 Wang Kwong Road, Kowloon Bay, Kowloon - Basement-G/F (Part), 1-6/F, Roof and Roof Upper Floor (Part)",0,0,25932828,info@camluxhotel.com,185,07:00 - 23:00,24 Hours,24 Hours,4/1/2022 18:53,1,NULL
1003,聖地牙哥酒店,,2007,九龍佐敦吳松街169-189號,"169-189 Wu Chung Street, Jordan, Kowloon",0,0,27371111,emily_2000@nevigator.com,122,07:00 - 23:00,24 Hours,24 Hours,4/1/2022 18:53,1,NULL
1004,豪境酒店,,2007,九龍佐敦吳松街92-94號2-12字樓,"2-12/F, 92-94 Wu Chung Street, Jordan, Kowloon",0,0,23322020,reservation@goodrichhotel.com.hk,56,07:00 - 23:00,24 Hours,24 Hours,4/1/2022 18:53,1,NULL
1005,零距府邸．佐敦,,2007,"九龍佐敦廟街129號地下-3字樓,5-13字樓,15-19字樓及天台","G/F-3/F, 5-13/F, 15-19/F and Roof, 129 Temple Street, Jordan, Kowloon",0,0,90319024,admin@linko-living.com,37,07:00 - 23:00,24 Hours,24 Hours,4/1/2022 18:53,1,NULL
1006,香港麗思卡爾頓酒店,,2007,九龍佐敦柯士甸道西1號地庫1字樓-地下部分、3字樓部分、8-9字樓部分、M4-3字樓部分&102-118字樓,"1/F, Basement, 1 Austin Road West, Jordan, Kowloon - G/F, 3/F, 8-9/F, M4-3/F & 102-118/F",0,0,22632263,rc.hkgkw.enqulrles@ritzcarlton.com,306,07:00 - 23:00,24 Hours,24 Hours,4/1/2022 18:53,1,NULL
1007,峰景軒,,2005,九龍何文田文福道5號,"5 Man Fook Road, Homantin, Kowloon",0,0,27001688,summitview@yhk.com.hk,171,07:00 - 23:00,24 Hours,24 Hours,4/1/2022 18:53,1,NULL
1008,香港九龍維景酒店,,2005,九龍何文田窩打老道75號,"75 Waterloo Road, Homantin, Kowloon",0,0,27611711,eo.hkkl@metroparkhotels.com,487,07:00 - 23:00,24 Hours,24 Hours,4/1/2022 18:53,1,NULL
1009,富薈馬頭圍酒店,,2023,"九龍土瓜灣下鄉道8號地庫-3字樓,5-12字樓,15-23字樓,天台及天台高層","Basement-3/F, 5-12/F, 15-23/F, Roof and Roof Top Floor, No. 8 Ha Heung Road, To Kwa Wan, Kowloon",0,0,39636600,info@matauwai.iclub-hotels.com,340,07:00 - 23:00,24 Hours,24 Hours,4/1/2022 18:53,1,NULL
1010,儷賀酒店,,2023,"九龍土瓜灣譚公道103號地下-1字樓,2字樓(部份),3字樓,5-12字樓,15-20字樓及天台","G/F-1/F, 2/F (Part), 3/F, 5-12/F, 15-20/F and Roof, 103 Tam Kung Road, To Kwa Wan, Kowloon",0,0,21571470,hello@weave-living.com,99,07:00 - 23:00,24 Hours,24 Hours,4/1/2022 18:53,1,NULL
1011,香港旺角帝盛酒店,,2022,九龍大角咀大角咀道88號,"88 Tai Kok Tsui Road, Tai Kok Tsui, Kowloon",0,0,39872288,info.mongkok@dorsetthotels.com,285,07:00 - 23:00,24 Hours,24 Hours,4/1/2022 18:53,1,NULL
1012,富薈旺角酒店,,2022,"九龍大角咀晏架街2號地下-3字樓,5-12字樓,15-22字樓,天台及天台高層","G/F-3/F, 5-12/F, 15-22/F, Roof and Roof High Floor, 2 Anchor Street, Tai Kok Tsui, Kowloon",0,0,39636800,info@mongkok.iclub-hotels.com,288,07:00 - 23:00,24 Hours,24 Hours,4/1/2022 18:53,1,NULL
1013,瑞生嘉威酒店,,2024,"九龍尖沙咀加連威老道29A號 加連威大廈地下(部份),3-5字樓, 3-17字樓","G/F (Part), 3-5/F, 3-17/F, Granville Building, 29A Granville Road, Tsim Sha Tsui, Kowloon",0,0,21053999,jayleung@soravithotels.com,65,07:00 - 23:00,24 Hours,24 Hours,4/1/2022 18:53,1,NULL
1014,香港朗廷酒店,,2024,九龍尖沙咀北京道8號,"8 Peking Road, Tsim Sha Tsui, Kowloon",0,0,23751133,tlhkg.pr@langhamhotels.com,500,07:00 - 23:00,24 Hours,24 Hours,4/1/2022 18:53,1,NULL
1015,仕德福山景酒店,,2024,九龍尖沙咀天文台道13-17號,"13-17 Observatory Road, Tsim Sha Tsui, Kowloon",0,0,27227822,hillview@stanfordhotel.com,178,07:00 - 23:00,24 Hours,24 Hours,4/1/2022 18:53,1,NULL
1016,寶軒酒店(尖沙咀),,2024,九龍尖沙咀天文臺圍5-9號漢國尖沙咀中心15-23字樓,"15-23/F, Hon Kwok Tsim Sha Tsui Centre, 5-9 Observatory Circle, Tsim Sha Tsui, Kowloon",0,0,31063366,info_tst@thebauhinia.com.hk,48,07:00 - 23:00,24 Hours,24 Hours,4/1/2022 18:53,1,NULL
1017,寶軒酒店(尖沙咀),,2024,"九龍尖沙咀天文臺圍5-9號漢國尖沙咀中心地下, 3字樓, 5字樓及6-13字樓","G/F, 3/F, 5/F & 6-13/F, Hon Kwok Tsim Sha Tsui Centre, 5-9 Observatory Circuit, Tsim Sha Tsui, Kowloon",0,0,31063366,info_tst@thebauhinia.com.hk,50,07:00 - 23:00,24 Hours,24 Hours,4/1/2022 18:53,1,NULL
1018,樂仕酒店,,2024,九龍尖沙咀天文臺圍6-8號粵利閣5-13字樓,"5-13/F, Yueli Court, 6-8 Observatory Circuit, Tsim Sha Tsui, Kowloon",0,0,23771180,knutsford@acesitehotel.com,34,07:00 - 23:00,24 Hours,24 Hours,4/1/2022 18:53,1,NULL
1019,山林舍,,2024,"九龍尖沙咀山林道17-19號地下(部份), 4-5字樓, 6字樓(部份),7-12字樓, 15-21字樓及天台(部份)","G/F (Part), 4-5/F, 6/F (Part), 7-12/F, 15-21/F and Roof (Part), 17-19 Hillwood Road, Tsim Sha Tsui, Kowloon",0,0,27098999,info@hwh.com.hk,82,07:00 - 23:00,24 Hours,24 Hours,4/1/2022 18:53,1,NULL
1020,富衛1881公館,,2024,九龍尖沙咀廣東道2A號主樓及馬廐,"Main Building and Stables, 2A Canton Road, Tsim Sha Tsui, Kowloon",0,0,39880000,info@fwdhouse1881.com,13,07:00 - 23:00,24 Hours,24 Hours,4/1/2022 18:53,1,NULL
1021,皇家太平洋酒店,,2024,九龍尖沙咀廣東道33號中港城第1座平台、8-22字樓& 第7座8-23字樓,"Podium, 8-22/F & 8-23/F, Tower 7, Tower 1, China Hong Kong City, 33 Canton Road, Tsim Sha Tsui, Kowloon",0,0,27361188,info@royalpacific.com.hk,677,07:00 - 23:00,24 Hours,24 Hours,4/1/2022 18:53,1,NULL
1022,九龍酒店,,2024,九龍尖沙咀彌敦道19-21號,"19-21 Nathan Road, Tsim Sha Tsui, Kowloon",0,0,29292888,klnh@harbour-plaza.com,734,07:00 - 23:00,24 Hours,24 Hours,4/1/2022 18:53,1,NULL
1023,香港喜來登酒店,,2024,九龍尖沙咀彌敦道20號,"20 Nathan Road, Tsim Sha Tsui, Kowloon",0,0,23691111,res.hongkong@sheraton.com,798,07:00 - 23:00,24 Hours,24 Hours,4/1/2022 18:53,1,NULL
1024,帝國酒店,,2024,九龍尖沙咀彌敦道30-34號,"30-34 Nathan Road, Tsim Sha Tsui, Kowloon",0,0,23662201,imperial@imperialhotel.com.hk,224,07:00 - 23:00,24 Hours,24 Hours,4/1/2022 18:53,1,NULL
1025,金域假日酒店,,2024,九龍尖沙咀彌敦道50號,"50 Nathan Road, Tsim Sha Tsui, Kowloon",0,0,23693111,reserv@goldenmile.com,621,07:00 - 23:00,24 Hours,24 Hours,4/1/2022 18:53,1,NULL
1026,九龍香格里拉大酒店,,2024,九龍尖沙咀東麼地道64號,"64 Mody Road, Tsim Sha Tsui East, Kowloon",0,0,27212111,ksl@shangri-la.com,688,07:00 - 23:00,24 Hours,24 Hours,4/1/2022 18:53,1,NULL
1027,帝苑酒店,,2024,九龍尖沙咀東麼地道69號,"69 Mody Road, Tsim Sha Tsui East, Kowloon",0,0,27215215,htlinfo@rghk.com.hk,422,07:00 - 23:00,24 Hours,24 Hours,4/1/2022 18:53,1,NULL
1028,帝苑酒店,,2024,九龍尖沙咀東麼地道69號帝苑酒店17-19字樓,"17/F-19/F, Royal Garden Hotel, 69 Mody Road, Tsim Sha Tsui East, Kowloon",0,0,27215215,htlinfo@rghk.com.hk,28,07:00 - 23:00,24 Hours,24 Hours,4/1/2022 18:53,1,NULL
1029,海景嘉福酒店,,2024,九龍尖沙咀東麼地道70號,"70 Mody Road, Tsim Sha Tsui East, Kowloon",0,0,27215161,grandstanford@ihg.com,572,07:00 - 23:00,24 Hours,24 Hours,4/1/2022 18:53,1,NULL
1030,富豪九龍酒店,,2024,九龍尖沙咀東麼地道71號,"71 Mody Road, Tsim Sha Tsui East, Kowloon",0,0,27221818,rkh.info@RegalHotel.com,597,07:00 - 23:00,24 Hours,24 Hours,4/1/2022 18:53,1,NULL
1031,千禧新世界香港酒店,,2024,九龍尖沙咀東麼地道72號,"72 Mody Road, Tsim Sha Tsui East, Kowloon",0,0,27391111,info@newworldmillenniumhotel.com,463,07:00 - 23:00,24 Hours,24 Hours,4/1/2022 18:53,1,NULL
1032,龍堡國際賓館,,2024,九龍尖沙咀柯士甸道8號香港童軍中心地下(部份)、12字樓(部份)、13、14-25字樓&天台,"G/F (Part), 12/F (Part), 13/F, 14-25/F & Roof, Hong Kong Scout Centre, 8 Austin Road, Tsim Sha Tsui, Kowloon",0,0,23761111,enquiry@bpih.com.hk,529,07:00 - 23:00,24 Hours,24 Hours,4/1/2022 18:53,1,NULL
1033,香港麗晶酒店,,2024,九龍尖沙咀梳士巴利道18號,"18 Salisbury Road, Tsim Sha Tsui, Kowloon",0,0,27211211,hongkong@interconti.com/hongkong@ihg.com,514,07:00 - 23:00,24 Hours,24 Hours,4/1/2022 18:53,1,NULL
1034,香港基督教青年會賓館,,2024,九龍尖沙咀梳士巴利道41號,"41 Salisbury Road, Tsim Sha Tsui, Kowloon",0,0,22687000,acct@ymcahk.org.hk,380,07:00 - 23:00,24 Hours,24 Hours,4/1/2022 18:53,1,NULL
1035,半島酒店,,2024,九龍尖沙咀梳士巴利道半島酒店,"The Peninsula Hotel, Salisbury Road, Tsim Sha Tsui, Kowloon",0,0,29202888,pen@peninsula.com,300,07:00 - 23:00,24 Hours,24 Hours,4/1/2022 18:53,1,NULL
1036,維港灣酒店,,2024,九龍尖沙咀棉登徑1-3號地下至19字樓,"G/F to 19/F, 1-3 Minden Drive, Tsim Sha Tsui, Kowloon",0,0,21547933,info@harbourbayhotel.com,76,07:00 - 23:00,24 Hours,24 Hours,4/1/2022 18:53,1,NULL
1037,丹木町酒店,,2024,九龍尖沙咀棉登徑5號,"5 Minden Drive, Tsim Sha Tsui, Kowloon",0,0,27803118,cs@tankityouhotel.com,33,07:00 - 23:00,24 Hours,24 Hours,4/1/2022 18:53,1,NULL
1038,珀薈酒店,,2024,"九龍尖沙咀漆咸道南117號崇基商業大廈地下(部份), 1字樓(部份), 2-18字樓","G/F (portion), 1/F (portion), 2-18/F, Chung Chi Commercial Building, 117 Chatham Road South, Tsim Sha Tsui, Kowloon",0,0,21173838,info@popway.com.hk,63,07:00 - 23:00,24 Hours,24 Hours,4/1/2022 18:53,1,NULL
1039,百樂酒店,,2024,九龍尖沙咀漆咸道南61-65號,"61-65 Chatham Road South, Tsim Sha Tsui, Kowloon",0,0,27312100,info.phhk@parkhotelgroup.com,335,07:00 - 23:00,24 Hours,24 Hours,4/1/2022 18:53,1,NULL
1040,最佳盛品酒店尖沙咀,,2024,"九龍尖沙咀漆咸道南73-75號最佳盛品酒店尖沙咀地庫,地下(部份),1字樓,2字樓(部份)3字樓(部份),4字樓(部份),5-18字樓","Basement, G/F (portion), 1/F, 2/F (portion), 3/F (portion), 4/F (portion), Best Premium Hotel, 73-75 Chatham Road South, Tsim Sha Tsui, Kowloon ), Floor 5-18",0,0,23111100,hotel@bestwesternplushotelkln.com,239,07:00 - 23:00,24 Hours,24 Hours,4/1/2022 18:53,1,NULL
1041,紫珀酒店,,2024,九龍尖沙咀諾士佛臺6號5-22字樓及天台至天台高層,"5-22/F and Roof to Roof Top Floor, 6 Knutsford Terrace, Tsim Sha Tsui, Kowloon",0,0,36023888,account@theperkinhotel.com,50,07:00 - 23:00,24 Hours,24 Hours,4/1/2022 18:53,1,NULL
1042,客舍,,2024,"九龍尖沙咀赫德道4號6-14字樓,天台及天台高層","6/F-14/F, Roof and Roof High Floor, 4 Hart Road, Tsim Sha Tsui, Kowloon",0,0,29910000,info@hotelhart.com,69,07:00 - 23:00,24 Hours,24 Hours,4/1/2022 18:53,1,NULL
1043,麗景酒店,,2024,九龍尖沙咀赫德道8A號麗景酒店,"Regency Hotel, 8A Hart Road, Tsim Sha Tsui, Kowloon",0,0,35500688,panorama@hotelpanorama.com.hk,324,07:00 - 23:00,24 Hours,24 Hours,4/1/2022 18:53,1,NULL
1044,君怡酒店,,2024,九龍尖沙咀金巴利道28號,"28 Kimberley Road, Tsim Sha Tsui, Kowloon",0,0,27006688,hotel@kimberley.com.hk,534,07:00 - 23:00,24 Hours,24 Hours,4/1/2022 18:53,1,NULL
1045,帝樂文娜公館,,2024,九龍尖沙咀金巴利道39-43A號,"39-43A Kimberley Road, Tsim Sha Tsui, Kowloon",0,0,37638888,admin@theluxemanor.com,159,07:00 - 23:00,24 Hours,24 Hours,4/1/2022 18:53,1,NULL
1046,康境酒店,,2024,"九龍尖沙咀金馬倫道8號地下(部份),3-18字樓","G/F (portion), 3-18/F, 8 Cameron Road, Tsim Sha Tsui, Kowloon",0,0,35516888,info@theotto.hk,56,07:00 - 23:00,24 Hours,24 Hours,4/1/2022 18:53,1,NULL
1047,香港康得思酒店,,2017,九龍旺角上海街555號,"555 Shanghai Street, Mongkok, Kowloon",0,0,35523388,iphkg.info@langhamhotels.com,665,07:00 - 23:00,24 Hours,24 Hours,4/1/2022 18:53,1,NULL
1048,帝京酒店,,2017,九龍旺角太子道西193號,"193 Prince Edward Road West, Mongkok, Kowloon",0,0,29288822,inquiry@royalplaza.com.hk,675,07:00 - 23:00,24 Hours,24 Hours,4/1/2022 18:53,1,NULL
1049,逸豪酒店,,2017,九龍旺角新填地街423號地下-15字樓,"G/F-15/F, 423 Reclamation Street, Mongkok, Kowloon",0,0,23806830,info@h1hotel.com.hk,50,07:00 - 23:00,24 Hours,24 Hours,4/1/2022 18:53,1,NULL
1050,旭逸酒店.旺角,,2017,"九龍旺角砵蘭街60號地庫, 地下(部份),1字樓(部份), 2-3字樓, 5-12字樓,15-23字樓, 25字樓-天台高層","Basement, G/F(Part), 1/F(Part), 2-3/F, 5-12/F, 15-23/F, 25/F-Roof Top Floor, 60 Portland Street, Mongkok, Kowloon",0,0,27103688,info.hemk@hotelease.com.hk,199,07:00 - 23:00,24 Hours,24 Hours,4/1/2022 18:53,1,NULL
1051,香港旺角維景酒店,,2017,九龍旺角荔枝角道22號,"22 Lai Chi Kok Road, Mong Kok, Kowloon",0,0,23976683,info.hkmk@metroparkhotels.com,430,07:00 - 23:00,24 Hours,24 Hours,4/1/2022 18:53,1,NULL
1052,仕德福酒店,,2017,九龍旺角豉油街118號,"118 Soy Oil Street, Mongkok, Kowloon",0,0,27811881,stanford@stanfordhotel.com,194,07:00 - 23:00,24 Hours,24 Hours,4/1/2022 18:53,1,NULL
1053,香港旺角希爾頓花園酒店,,2017,"九龍旺角豉油街2號地庫, 地下, 1-13字樓, 15-21字樓, 天台及天台高層","Basement, G/F, 1-13/F, 15-21/F, Roof and Roof Upper Floor, No. 2 Soy Street, Mongkok, Kowloon",0,0,22013688,irene.lui@hilton.com,258,07:00 - 23:00,24 Hours,24 Hours,4/1/2022 18:53,1,NULL
1054,香港海景絲麗酒店,,2027,九龍油麻地上海街268號,"268 Shanghai Street, Yau Ma Tei, Kowloon",0,0,27820882,info.seaview@silkahotels.com,268,07:00 - 23:00,24 Hours,24 Hours,4/1/2022 18:53,1,NULL
1055,朗逸酒店,,2027,九龍油麻地南京街30號,"30 Nanjing Street, Yau Ma Tei, Kowloon",0,0,27838233,info@largos.com.hk,100,07:00 - 23:00,24 Hours,24 Hours,4/1/2022 18:53,1,NULL
1056,伯惠酒店九龍,,2027,"九龍油麻地廟街3號地下-16字樓,天台,天台頂層及天台高層","G/F-16/F, Roof, Roof Top and Roof Top, 3 Temple Street, Yau Ma Tei, Kowloon",0,0,39786900,wehotel2@gmail.com,48,07:00 - 23:00,24 Hours,24 Hours,4/1/2022 18:53,1,NULL
1057,新樂酒店,,2027,九龍油麻地彌敦道223號,"223 Nathan Road, Yau Ma Tei, Kowloon",0,0,27352271,info@shamrockhotel.com.hk,160,07:00 - 23:00,24 Hours,24 Hours,4/1/2022 18:53,1,NULL
1058,彌敦酒店,,2027,九龍油麻地彌敦道378號,"378 Nathan Road, Yau Ma Tei, Kowloon",0,0,23885141,info@nathanhotel.com,191,07:00 - 23:00,24 Hours,24 Hours,4/1/2022 18:53,1,NULL
1059,香港逸東酒店,,2027,九龍油麻地彌敦道380號B3-B4字樓 & 地下高層-頂樓,"380 Nathan Road, Yau Ma Tei, Kowloon, B3-B4 & G/F - Top Floor",0,0,27821818,eshkg.info@eatonhotels.com,384,07:00 - 23:00,24 Hours,24 Hours,4/1/2022 18:53,1,NULL
1060,香港逸東酒店,,2027,九龍油麻地彌敦道380號New extension 9-21字樓,"9-21/F, New extension, 380 Nathan Road, Yau Ma Tei, Kowloon",0,0,27821818,eshkg.info@eatonhotels.com,80,07:00 - 23:00,24 Hours,24 Hours,4/1/2022 18:53,1,NULL
1061,凱都酒店,,2027,九龍油麻地彌敦道476號凱都中心地下(部份)及5字樓至天台高層,"G/F (Part) and 5/F to Roof Top Floor, Capital Centre, 476 Nathan Road, Yau Ma Tei, Kowloon",0,0,37550300,info@mwhotel.com.hk,90,07:00 - 23:00,24 Hours,24 Hours,4/1/2022 18:53,1,NULL
1062,救世軍卜維廉賓館,,2027,九龍油麻地永星里11號救世軍總部7-11字樓,"7/F-11/F, The Salvation Army Headquarters, 11 Wing Sing Lane, Yau Ma Tei, Kowloon",0,0,27719266,reservations.boothlodge@hkt.salvationarmy.org,44,07:00 - 23:00,24 Hours,24 Hours,4/1/2022 18:53,1,NULL
1063,明愛白英奇賓館,,2027,九龍油麻地石壁道4號油麻地明愛服務中心地下、10-17字樓,"G/F, 10-17/F, Caritas Service Centre, Yau Ma Tei, 4 Shek Pik Road, Yau Ma Tei, Kowloon",0,0,23881111,cblresv@bianchi-lodge.com,90,07:00 - 23:00,24 Hours,24 Hours,4/1/2022 18:53,1,NULL
1064,城景國際,,2027,九龍油麻地窩打老道23號,"23 Waterloo Road, Yau Ma Tei, Kowloon",0,0,27719111/27833888,info@thecityview.com.hk,156,07:00 - 23:00,24 Hours,24 Hours,4/1/2022 18:53,1,NULL
1065,城景國際,,2027,九龍油麻地窩打老道23號地下、1字樓、2字樓、5-18字樓,"G/F, 1/F, 2/F, 5-18/F, 23 Waterloo Road, Yau Ma Tei, Kowloon",0,0,27719111,info@thecityview.com.hk,256,07:00 - 23:00,24 Hours,24 Hours,4/1/2022 18:53,1,NULL
1066,逸林酒店,,2027,九龍油麻地茂林街2號1-16字樓及天台,"1/F-16/F & Roof, 2 Mau Lam Street, Yau Ma Tei, Kowloon",0,0,35861888,info@nobleparkhk.com,74,07:00 - 23:00,24 Hours,24 Hours,4/1/2022 18:53,1,NULL
1067,彩鴻酒店,,2027,九龍油麻地西貢街23號,"23 Sai Kung Street, Yau Ma Tei, Kowloon",0,0,31996199,enquiry.kowloon@travelodgehotes.asia,126,07:00 - 23:00,24 Hours,24 Hours,4/1/2022 18:53,1,NULL
1068,帝悅酒店紅磡,,2006,"九龍紅磡寶其利街179-181號地下-3字樓, 5-17字樓及天台-天台高層","G/F-3/F, 5-17/F and Roof-Roof Top, 179-181 Bulkeley Street, Hung Hom, Kowloon",0,0,28216980,id.dept@dorsett.com,54,07:00 - 23:00,24 Hours,24 Hours,4/1/2022 18:53,1,NULL
1069,九龍海逸君綽酒店,,2006,九龍紅磡德豐街20號,"20 Tak Fung Street, Hung Hom, Kowloon",0,0,26213188,hgkln@harbourgrand.com,607,07:00 - 23:00,24 Hours,24 Hours,4/1/2022 18:53,1,NULL
1070,海灣軒-海景酒店,,2006,九龍紅磡灣紅鸞道8號,"8 Hung Luan Road, Hung Hom Bay, Kowloon",0,0,31578888/36908888,info@horizonhotels.com.hk,1662,07:00 - 23:00,24 Hours,24 Hours,4/1/2022 18:53,1,NULL
1071,逸．酒店,,2006,"九龍紅磡蕪湖街83號地庫-13字樓, 15-23字樓及25字樓","Basement-13/F, 15-23/F and 25/F, No. 83 Wuhu Street, Hung Hom, Kowloon",0,0,23569008/22758888,info@hotelsav.com,388,07:00 - 23:00,24 Hours,24 Hours,4/1/2022 18:53,1,NULL
1072,愛得甫酒店,,2011,九龍觀塘偉業街101號D-Tower地下-3字樓 及 5-23字樓,"G/F-3/F & 5-23/F, D-Tower, 101 Wai Yip Street, Kwun Tong, Kowloon",0,0,31886655,ivy.ma@iwmanagement.com,99,07:00 - 23:00,24 Hours,24 Hours,4/1/2022 18:53,1,NULL
1073,悅品海景酒店 ． 觀塘,,2011,九龍觀塘偉業街163號,"163 Wai Yip Street, Kwun Tong, Kowloon",0,0,37668688,rsvn.harbourview@hotelcozi.com,598,07:00 - 23:00,24 Hours,24 Hours,4/1/2022 18:53,1,NULL
1074,香港觀塘帝盛酒店,,2011,九龍觀塘鴻圖道84號,"84 Hung To Road, Kwun Tong, Kowloon",0,0,39896888,info.kwuntong@dorsetthotels.com,361,07:00 - 23:00,24 Hours,24 Hours,4/1/2022 18:53,1,NULL
1075,香港九龍貝爾特酒店,,2026,九龍黃大仙新蒲崗六合街19號地下至32字樓及頂樓,"G/F to 32/F & Top Floor, 19 Liu Hop Street, San Po Kong, Wong Tai Sin, Kowloon",0,0,31128222,kowloon@pentahotelsasia.com,695,07:00 - 23:00,24 Hours,24 Hours,4/1/2022 18:53,1,NULL
1076,大澳文物酒店,,4008,大嶼山大澳石仔埗街舊大澳警署,"Old Tai O Police Station, Shek Tsai Po Street, Tai O, Lantau Island",0,0,29858383,info@taioheritagehotel.com,9,07:00 - 23:00,24 Hours,24 Hours,4/1/2022 18:53,1,NULL
1077,香港愉景灣酒店,,4003,大嶼山愉景灣海澄湖畔路88號,"88 Hoi Cheng Wu Pan Road, Discovery Bay, Lantau Island",0,0,經營人士未有提供,interest@dbnewhotel.com,322,07:00 - 23:00,24 Hours,24 Hours,4/1/2022 18:53,1,NULL
1078,諾富特東薈城酒店,,4009,大嶼山東涌文東路51號地下(部份)、1字樓(部份)、2字樓(部份)、3字樓(部份)、5-12 & 15字樓-天台頂層,"G/F (portion), 1/F (portion), 2/F (portion), 3/F (portion), 5/F-12 & 15/F - Roof Top Floor, 51 Man Tung Road, Tung Chung, Lantau",0,0,36028888,h6239@accor.com,440,07:00 - 23:00,24 Hours,24 Hours,4/1/2022 18:53,1,NULL
1079,逸泰居,,4001,大嶼山赤鱲角香港大嶼山國際機場觀景路8號國泰城,"Cathay Pacific City, 8 Scenic Road, Lantau International Airport, Hong Kong, Chek Lap Kok, Lantau Island",0,0,21161116,exeoffice@headland.com.hk,501,07:00 - 23:00,24 Hours,24 Hours,4/1/2022 18:53,1,NULL
1080,新港酒店,,3022,新界元朗東成里路1號,"1 Shing Lane Road, Yuen Long, New Territories",0,0,24736622,sunkonghotel@gmail.com,45,07:00 - 23:00,24 Hours,24 Hours,4/1/2022 18:53,1,NULL
1081,嘉湖海逸酒店,,3017,新界天水圍天恩路12號,"12 Tin Yan Road, Tin Shui Wai, New Territories",0,0,21806688,timothyt@harbour-plaza.com,541,07:00 - 23:00,24 Hours,24 Hours,4/1/2022 18:53,1,NULL
1082,嘉湖海逸酒店,,3017,新界天水圍天恩路18號,"18 Tin Yan Road, Tin Shui Wai, New Territories",0,0,21806688,timothyt@harbour-plaza.com,561,07:00 - 23:00,24 Hours,24 Hours,4/1/2022 18:53,1,NULL
1083,悅品天秀酒店．元朗,,3017,"新界天水圍天秀路8號地庫-3字樓(部份), 4-20字樓及天台(部份)","Basement-3/F (portion), 4-20/F and Roof (portion), 8 Tin Sau Road, Tin Shui Wai, New Territories",0,0,35836188,rsvn.wetland@hotelcozi.com,336,07:00 - 23:00,24 Hours,24 Hours,4/1/2022 18:53,1,NULL
1084,香港屯門貝爾特酒店,,3021,"新界屯門震寰路6號地下-2字樓(部分),3字樓, 5-12字樓,15-16字樓及天台(部分)","G/F-2/F (part), 3/F, 5-12/F, 15-16/F and Roof (part), 6 Zhen Wan Road, Tuen Mun, New Territories",0,0,31121138,tuenmun@pentahotelsasia.com,298,07:00 - 23:00,24 Hours,24 Hours,4/1/2022 18:53,1,NULL
1085,黃金海岸酒店,,3021,新界屯門青山公路青山灣段1號,"1 Castle Peak Bay, Castle Peak Road, Tuen Mun, New Territories",0,0,24528888,info@goldcoasthotel.com.hk,453,07:00 - 23:00,24 Hours,24 Hours,4/1/2022 18:53,1,NULL
1086,麗豪酒店,,3011,新界沙田大涌橋路34-36號,"34-36 Tai Chung Kiu Road, Shatin, New Territories",0,0,26497878,rrh.info@regalhotel.com,858,07:00 - 23:00,24 Hours,24 Hours,4/1/2022 18:53,1,NULL
1087,麗豪酒店,,3011,新界沙田大涌橋路34-36號麗豪酒店15-17字樓、天台&天台高層,"15-17/F, Roof & Roof Top Floor, Regal Hotel, 34-36 Tai Chung Kiu Road, Shatin, New Territories",0,0,26497878,rrh.info@regalhotel.com,289,07:00 - 23:00,24 Hours,24 Hours,4/1/2022 18:53,1,NULL
1088,帝逸酒店,,3011,"新界沙田源康街1號地庫,地下, 1-3字樓, 5-12字樓, 15-23字樓,25-28字樓, 天台及天台高層","Basement, G/F, 1-3/F, 5-12/F, 15-23/F, 25-28/F, Roof and Roof Upper Floor, No. 1 Yuen Hong Street, Shatin, New Territories",0,0,36531111,info@alva.com.hk,618,07:00 - 23:00,24 Hours,24 Hours,4/1/2022 18:53,1,NULL
1089,香港凱悅酒店-沙田,,3011,新界沙田澤祥街18號,"18 Chak Cheung Street, Sha Tin, New Territories",0,0,37231234,hongkong.shatin@hyatt.com,567,07:00 - 23:00,24 Hours,24 Hours,4/1/2022 18:53,1,NULL
1090,帝都酒店,,3011,新界沙田白鶴汀街8號,"8 Pak Hok Ting Street, Shatin, New Territories",0,0,26012111,inquiry@royalpark.com.hk,443,07:00 - 23:00,24 Hours,24 Hours,4/1/2022 18:53,1,NULL
1091,荃灣西如心酒店,,3020,新界荃灣楊屋道8號如心廣場第1座11-40字樓,"11-40/F, Tower 1, Nina Plaza, 8 Yeung Uk Road, Tsuen Wan, New Territories",0,0,22802898,info.nina@lhotelgroup.com,689,07:00 - 23:00,24 Hours,24 Hours,4/1/2022 18:53,1,NULL
1092,荃灣西如心酒店,,3020,新界荃灣楊屋道8號第2座41-87字樓,"41-87/F, Block 2, 8 Yeung Uk Road, Tsuen Wan, New Territories",0,0,22802898,info.nina@lhotelgroup.com,919,07:00 - 23:00,24 Hours,24 Hours,4/1/2022 18:53,1,NULL
1093,汀蘭居,,3020,新界荃灣油柑頭青山公路123號,"123 Castle Peak Road, Yau Kam Tau, Tsuen Wan, New Territories",0,0,29451111,info@baybridgehongkong.com,438,07:00 - 23:00,24 Hours,24 Hours,4/1/2022 18:53,1,NULL
1094,悅來酒店,,3020,新界荃灣荃華街3號,"3 Tsuen Wah Street, Tsuen Wan, New Territories",0,0,24091111,reservations@pandahotel.com.hk,911,07:00 - 23:00,24 Hours,24 Hours,4/1/2022 18:53,1,NULL
1095,香港遠東絲麗酒店,,3020,新界荃灣青山公路荃灣段135-143號1字樓(部份)-3字樓、5-12 & 15-17字樓,"1/F (portion)-3/F, 5-12 & 15-17/F, 135-143 Castle Peak Road, Tsuen Wan, Tsuen Wan, New Territories",0,0,24069090,info.fareast@silkahotels.com,240,07:00 - 23:00,24 Hours,24 Hours,4/1/2022 18:53,1,NULL
1096,帝景酒店,,3020,新界荃灣青山道353號,"353 Castle Peak Road, Tsuen Wan, New Territories",0,0,37162888,info@royalview.com.hk,691,07:00 - 23:00,24 Hours,24 Hours,4/1/2022 18:53,1,NULL
1097,香港荃灣帝盛酒店,,3003,新界葵涌健全街28號,"28 Kin Kin Street, Kwai Chung, New Territories",0,0,39966666,info.tsuenwan@dorsetthotels.com,547,07:00 - 23:00,24 Hours,24 Hours,4/1/2022 18:53,1,NULL
1098,香港荃灣絲麗酒店,,3003,"新界葵涌和宜合道119號地下(部份), 1字樓(部份), 2字樓(部份), 3字樓, 5字樓-12字樓,15字樓-天台高層","G/F (Part), 1/F (Part), 2/F (Part), 3/F, 5/F-12/F, 15/F-Roof Top Floor, 119 Wo Yi Hop Road, Kwai Chung, New Territories",0,0,37003888,info.tsuenwan@silkahotels.com,399,07:00 - 23:00,24 Hours,24 Hours,4/1/2022 18:53,1,NULL
1099,雍澄軒,,3003,新界葵涌和宜合道33號,"33 Wo Yi Hop Road, Kwai Chung, New Territories",0,0,31578888,management@horizonhotels.com.hk,360,07:00 - 23:00,24 Hours,24 Hours,4/1/2022 18:53,1,NULL
1100,旭逸雅捷酒店．荃灣,,3003,新界葵涌嘉慶路12-14號旭逸酒店地下-20字樓,"G/F-20/F, Ease Hotel, 12-14 Ka Hing Road, Kwai Chung, New Territories",0,0,38961888,info.heatw@hotelease.com.hk,170,07:00 - 23:00,24 Hours,24 Hours,4/1/2022 18:53,1,NULL
1101,旭逸酒店．荃灣,,3003,新界葵涌圳邊街15-19號萬通大廈旭逸酒店地下至22字樓,"G/F to 22/F, Victory Hotel, Wantong Building, 15-19 Chunbian Street, Kwai Chung, New Territories",0,0,39588333,info.netw@hotelease.com.hk,160,07:00 - 23:00,24 Hours,24 Hours,4/1/2022 18:53,1,NULL
1102,富豪機場酒店,,4001,新界赤鱲角暢達路9號9-12字樓,"9-12/F, 9 Cheong Tat Road, Chek Lap Kok, New Territories",0,0,22866229,rah.fcsec@regalhotel.com,290,07:00 - 23:00,24 Hours,24 Hours,4/1/2022 18:53,1,NULL
1103,富豪機場酒店,,4001,新界赤鱲角暢達路9號6字樓,"6/F, 9 Cheung Tat Road, Chek Lap Kok, New Territories",0,0,22868888,rah.info@RegalHotel.com,155,07:00 - 23:00,24 Hours,24 Hours,4/1/2022 18:53,1,NULL
1104,富豪機場酒店,,4001,新界赤鱲角暢達路9號7-8字樓,"7/F-8/F, 9 Cheong Tat Road, Chek Lap Kok, New Territories",0,0,22868888,rah.info@RegalHotel.com,303,07:00 - 23:00,24 Hours,24 Hours,4/1/2022 18:53,1,NULL
1105,富豪機場酒店,,4001,新界赤鱲角暢達路9號地庫&地下-5字樓,"Basement & G/F-5/F, 9 Cheung Tat Road, Chek Lap Kok, New Territories",0,0,22868888,rah.info@RegalHotel.com,420,07:00 - 23:00,24 Hours,24 Hours,4/1/2022 18:53,1,NULL
1106,麗豪航天城酒店,,4001,"新界赤鱲角香港國際機場航展道 8號 地庫, 地下-3字樓, 5-12字樓, 天台及天台高層","8 Airshow Road, Hong Kong International Airport, Chek Lap Kok, New Territories Basement, G/F-3/F, 5-12/F, Roof and Roof Upper Floor",0,0,35563288,info@skycity.regala-hotels.com,1208,07:00 - 23:00,24 Hours,24 Hours,4/1/2022 18:53,1,NULL
1107,永倫800酒店,,3019,新界青衣青衣路1號,"1 Tsing Yi Road, Tsing Yi, New Territories",0,0,21297888,enquiry@winland800.hk,800,07:00 - 23:00,24 Hours,24 Hours,4/1/2022 18:53,1,NULL
1108,華逸酒店,,3019,新界青衣青衣路1號華逸酒店,"Huayi Hotel, 1 Tsing Yi Road, Tsing Yi, New Territories",0,0,21299988,enquiry.garden@ramblerhotels.com,800,07:00 - 23:00,24 Hours,24 Hours,4/1/2022 18:53,1,NULL
1109,青逸酒店,,3019,新界青衣青衣路1號青逸酒店,"Tsing Yi Hotel, 1 Tsing Yi Road, Tsing Yi, New Territories",0,0,21291188,enquiry.oasis@ramblerhotels.com,822,07:00 - 23:00,24 Hours,24 Hours,4/1/2022 18:53,1,NULL
1110,長洲華威酒店,,4002,長洲東灣第1147號地段,"Lot 1147, East Bay, Cheung Chau",0,0,29810976,admin@warwickhotel.com.hk,65,07:00 - 23:00,24 Hours,24 Hours,4/1/2022 18:53,1,NULL
1111,壹棠,,1019,香港上環干諾道西16號地下-33字樓及天台,"G/F-33/F & Roof, 16 Connaught Road West, Sheung Wan, Hong Kong",0,0,37096600,pollyfong@cmpd.com.hk,54,07:00 - 23:00,24 Hours,24 Hours,4/1/2022 18:53,1,NULL
1112,頤庭酒店,,1019,"香港上環德輔道西160號地下, 7-24字樓","G/F, 7-24/F, 160 Des Voeux Road West, Sheung Wan, Hong Kong",0,0,22171888,pearlma888@gmail.com,85,07:00 - 23:00,24 Hours,24 Hours,4/1/2022 18:53,1,NULL
1113,宜必思香港中上環酒店,,1019,香港上環德輔道西18-30號地下-頂樓高層,"G/F - Top Floor, 18-30 Des Voeux Road West, Sheung Wan, Hong Kong",0,0,22522929,info@ibishkcsw.com/H7606@accor.com,550,07:00 - 23:00,24 Hours,24 Hours,4/1/2022 18:53,1,NULL
1114,西城六十,,1019,香港上環德輔道西60-64號榮裕商業大廈3-17字樓,"3-17/F, Wing Yu Commercial Building, 60-64 Des Voeux Road West, Sheung Wan, Hong Kong",0,0,36166300,info@60west.com.hk,60,07:00 - 23:00,24 Hours,24 Hours,4/1/2022 18:53,1,NULL
1115,富薈上環酒店,,1019,"香港上環文咸東街138號地下至3字樓,5-6字樓, 7-12字樓, 15-23字樓, 25-33字樓35-38字樓, 頂樓及天台高層","G/F-3/F, 5-6/F, 7-12/F, 15-23/F, 25-33/F, 35-38/F, Top Floor and Roof Top Floor, 138 Bonham Street East, Sheung Wan, Hong Kong",0,0,39636100,info@sheungwan.iclub-hotels.com,248,07:00 - 23:00,24 Hours,24 Hours,4/1/2022 18:53,1,NULL
1116,尚豪酒店,,1019,香港上環文咸東街139-141號,"139-141 Bonham Street East, Sheung Wan, Hong Kong",0,0,28518818,lau@sohotel.com.hk,37,07:00 - 23:00,24 Hours,24 Hours,4/1/2022 18:53,1,NULL
1117,富薈尚乘上環酒店,,1019,"香港上環文咸西街5號地下-3字樓, 5-12字樓, 15-23字樓, 25-33字樓,35-36字樓, 天台, 天台高層, 天台頂層。","G/F-3/F, 5-12/F, 15-23/F, 25-33/F, 35-36/F, Rooftop, Rooftop High Floor, Rooftop Top Floor, 5 Bonham West Street, Sheung Wan, Hong Kong.",0,0,39636200,info@icamtdsw.iclub-hotels.com,98,07:00 - 23:00,24 Hours,24 Hours,4/1/2022 18:53,1,NULL
1118,壹棠,,1019,"香港上環新街市街30號地下-3字樓,5-13字樓,15-23字樓25-32字樓,天台-天台高層","G/F-3/F, 5-13/F, 15-23/F, 25-32/F, Roof-Rooftop High Floor, 30 New Market Street, Sheung Wan, Hong Kong",0,0,25895238,jeremyxue@cmpd.com.hk,81,07:00 - 23:00,24 Hours,24 Hours,4/1/2022 18:53,1,NULL
1119,翡格,,1019,香港上環皇后大道西77-91號荷李活中心2-4& 18-21字樓,"2-4 & 18-21/F, Hollywood Centre, 77-91 Queen's Road West, Sheung Wan, Hong Kong",0,0,26819388,hotellbp@hotellbp.com.hk,46,07:00 - 23:00,24 Hours,24 Hours,4/1/2022 18:53,1,NULL
1120,中環荷李活道彩鴻酒店,,1019,香港上環荷李活道263號地下低層(部分)、地下(部分)、1字樓、2字樓、閣樓(部分)、3-12字樓、15字樓-23字樓& 25字樓,"Lower Ground Floor (Part), G/F (Part), 1/F, 2/F, Mezzanine (Part), 3-12/F, 15/F-23/F & 25/F, 263 Hollywood Road, Sheung Wan, Hong Kong",0,0,28508899,enquiry.centralhr@travelodgehotels.asia,148,07:00 - 23:00,24 Hours,24 Hours,4/1/2022 18:53,1,NULL
1121,香港蘇豪智選假日酒店,,1019,"香港上環蘇杭街83號地下(部分),1字樓, 2字樓(部分),3-39字樓, 天台及天台高層","G/F (Part), 1/F, 2/F (Part), 3-39/F, Roof and Roof High Floor, 83 Suhang Street, Sheung Wan, Hong Kong",0,0,34178888,info@hiesoho.com,274,07:00 - 23:00,24 Hours,24 Hours,4/1/2022 18:53,1,NULL
1122,慇,,1005,香港中環威靈頓街97A號威靈頓中心,"Wellington Centre, 97A Wellington Street, Central, Hong Kong",0,0,28516966,info@xin.com.hk,42,07:00 - 23:00,24 Hours,24 Hours,4/1/2022 18:53,1,NULL
1123,寶軒酒店(中環),,1005,香港中環干諾道中119-120號地下-4字樓,"G-4/F, 119-120 Connaught Road Central, Central, Hong Kong",0,0,34263333,info_central@thebauhinia.com.hk,42,07:00 - 23:00,24 Hours,24 Hours,4/1/2022 18:53,1,NULL
1124,香港維港凱悅尚萃酒店,,1011,"香港北角北角邨里1號第1座及第2座地庫2字樓(部份),地庫1字樓(部份),地下(部份),1-2字樓(部份)平台,3字樓,5-12字樓,15-23字樓,天台及天台高層","2/F (portion), 1/F (portion), G/F (portion), 1-2/F (portion) podium, Block 1 and 2, Block 1, North Point Village Lane, North Point, Hong Kong ,3rd floor, 5th floor, 5th floor, 12th floor, 15th floor and 23rd floor, roof and roof top floor",0,0,38969888,hongkong.hyattcentric@hyatt.com,671,07:00 - 23:00,24 Hours,24 Hours,4/1/2022 18:53,1,NULL
1125,城市花園酒店,,1011,香港北角城市花園道9號,"9 City Garden Road, North Point, Hong Kong",0,0,28872888,info@citygarden.com.hk,615,07:00 - 23:00,24 Hours,24 Hours,4/1/2022 18:53,1,NULL
1126,華美達盛景酒店,,1011,香港北角春坱街88號,"88 Chun Tui Street, North Point, Hong Kong",0,0,21303388,hotel@ramadahkgv.com,297,07:00 - 23:00,24 Hours,24 Hours,4/1/2022 18:53,1,NULL
1127,北角M1酒店,,1011,香港北角春秧街112號華臣中心1-3、5-13、15-23&25-26字樓,"1-3, 5-13, 15-23 & 25-26/F, Watson Centre, 112 Chun Yeung Street, North Point, Hong Kong",0,0,21168888,info.np@mihotel.hk,92,07:00 - 23:00,24 Hours,24 Hours,4/1/2022 18:53,1,NULL
1128,頤庭酒店銅鑼灣,,1011,"香港北角水星街15號, 地下, 1字樓, 1字樓高層, 2字樓, 3字樓, 5-12字樓, 15-23字樓, 25-31字樓, 天台, Lev+103.00,升降機房樓層, 緊急發電機房樓層及天台高層","15 Mercury Street, North Point, Hong Kong, G/F, 1/F, 1/F High Floor, 2/F, 3/F, 5-12/F, 15-23/F, 25-31/F, Rooftop, Lev+103.00, Lift room floor, emergency generator room floor and roof top floor",0,0,23171788,lora.cheung@ecotreehotel.com.hk,99,07:00 - 23:00,24 Hours,24 Hours,4/1/2022 18:53,1,NULL
1129,港島海逸君綽酒店,,1011,香港北角油街23號,"23 Oil Street, North Point, Hong Kong",0,0,21212688,hghk@harbourgrand.com,829,07:00 - 23:00,24 Hours,24 Hours,4/1/2022 18:53,1,NULL
1130,粵華酒店,,1011,香港北角渣華道67-75號,"67-75 Java Road, North Point, Hong Kong",0,0,25031168,sch@netvigator.com/info@southchinahotel.com.hk,204,07:00 - 23:00,24 Hours,24 Hours,4/1/2022 18:53,1,NULL
1131,北角海逸酒店,,1011,香港北角英皇道665號,"665 King's Road, North Point, Hong Kong",0,0,21878888,hpnp@harbour-plaza.com,673,07:00 - 23:00,24 Hours,24 Hours,4/1/2022 18:53,1,NULL
1132,富薈炮台山酒店,,1011,"香港北角麥連街18號地下至3字樓, 5-12字樓, 15-23字樓,25-33字樓,35-36字樓, 天台及天台高層","G/F-3/F, 5-12/F, 15-23/F, 25-33/F, 35-36/F, Roof and Roof High Floor, 18 Merlin Street, North Point, Hong Kong",0,0,39636300,info@fortresshill.iclub-hotels.com,338,07:00 - 23:00,24 Hours,24 Hours,4/1/2022 18:53,1,NULL
1133,宏基國際賓館,,1010,香港半山區羅便臣道4號,"4 Robinson Road, Mid-Levels, Hong Kong",0,0,28680828,blexoff@bishopleihtl.com.hk,227,07:00 - 23:00,24 Hours,24 Hours,4/1/2022 18:53,1,NULL
1134,花園國際賓館,,1010,香港半山區麥當勞道1號香港基督教女青年會總部地下& 7-20字樓,"G/F & 7-20/F, Hong Kong YWCA Headquarters, 1 MacDonnell Road, Mid-Levels, Hong Kong",0,0,28773377,gardenview@yhk.com.hk,142,07:00 - 23:00,24 Hours,24 Hours,4/1/2022 18:53,1,NULL
1135,東隅,,1022,香港太古城太古城道29號,"29 Taikoo Shing Road, Taikoo Shing, Hong Kong",0,0,39683968,info@east-hongkong.com,345,07:00 - 23:00,24 Hours,24 Hours,4/1/2022 18:53,1,NULL
1136,六國酒店,,1025,香港灣仔告士打道72號地庫、地下&19-29字樓,"Basement, G/F & 19-29/F, 72 Gloucester Road, Wanchai, Hong Kong",0,0,28662166,info@gloucesterlukkwok.com.hk,196,07:00 - 23:00,24 Hours,24 Hours,4/1/2022 18:53,1,NULL
1137,華麗銅鑼灣酒店,,1025,香港灣仔寶靈頓道38號,"38 Burrington Road, Wanchai, Hong Kong",0,0,24966666,hotel@bestwesternhotelhongkong.com,258,07:00 - 23:00,24 Hours,24 Hours,4/1/2022 18:53,1,NULL
1138,簡悅酒店．銅鑼灣,,1025,香港灣仔摩理臣山道11號地下(部份)& 1字樓-天台(4、14&24字樓除外),"G/F (Part) & 1/F - Roof (Except 4/F, 14/24/F), 11 Morrison Hill Road, Wanchai, Hong Kong",0,0,35186688,info.urban@minimalhotels.com.hk,82,07:00 - 23:00,24 Hours,24 Hours,4/1/2022 18:53,1,NULL
1139,南洋酒店,,1025,香港灣仔摩理臣山道23號,"23 Morrison Hill Road, Wanchai, Hong Kong",0,0,25723838,info@southpacifichotel.com.hk,298,07:00 - 23:00,24 Hours,24 Hours,4/1/2022 18:53,1,NULL
1140,旭逸酒店．銅鑼灣,,1025,香港灣仔摩理臣山道35-39號地下、3& 5-28字樓(14 & 24字樓除外),"G/F, 3 & 5-28/F (except 14 & 24/F), 35-39 Morrison Hill Road, Wanchai, Hong Kong",0,0,37251588,info.hecwb@hotelease.com.hk,93,07:00 - 23:00,24 Hours,24 Hours,4/1/2022 18:53,1,NULL
1141,灣景國際,,1025,香港灣仔港灣道4號地下、閣樓、1字樓 & 5-21字樓,"G/F, Mezzanine, 1/F & 5-21/F, 4 Harbour Road, Wanchai, Hong Kong",0,0,28020111,info@theharbourview.com.hk,320,07:00 - 23:00,24 Hours,24 Hours,4/1/2022 18:53,1,NULL
1142,銅鑼灣利景酒店,,1025,香港灣仔灣仔道209-219 號,"209-219 Wanchai Road, Wanchai, Hong Kong",0,0,28335566,info@charterhouse.com,294,07:00 - 23:00,24 Hours,24 Hours,4/1/2022 18:53,1,NULL
1143,英皇駿景酒店,,1025,"香港灣仔皇后大道東373號第2層地庫, 第1層地庫, 地下低層, 地下-25字樓, 天台及天台高層","2nd Basement, 1st Basement, Lower Ground Floor, G/F-25/F, Roof and Roof High, 373 Queen's Road East, Wanchai, Hong Kong",0,0,36100070,gm-hk@emperorhg.com,299,07:00 - 23:00,24 Hours,24 Hours,4/1/2022 18:53,1,NULL
1144,麗悅酒店,,1025,香港灣仔皇后大道東375 號金銀大廈,"Gold & Silver Building, 375 Queen's Road East, Wanchai, Hong Kong",0,0,35528388,welcome@cosmohotel.com.hk,142,07:00 - 23:00,24 Hours,24 Hours,4/1/2022 18:53,1,NULL
1145,香港灣仔帝盛酒店,,1025,香港灣仔皇后大道東387號,"387 Queen's Road East, Wanchai, Hong Kong",0,0,35521111,welcome@cosmopolitanhotel.com.hk,454,07:00 - 23:00,24 Hours,24 Hours,4/1/2022 18:53,1,NULL
1146,富薈灣仔酒店,,1025,香港灣仔莊士敦道211號 16-23&25-26字樓,"16-23&25-26/F, 211 Johnston Road, Wanchai, Hong Kong",0,0,36698668,info@wanchai.iclub-hotels.com,49,07:00 - 23:00,24 Hours,24 Hours,4/1/2022 18:53,1,NULL
1147,富薈灣仔酒店,,1025,香港灣仔莊士敦道211號地下(部分)、5-12& 15字樓,"G/F (Part), 5-12 & 15/F, 211 Johnston Road, Wanchai, Hong Kong",0,0,39636000,info@wanchai.iclub-hotels.com,50,07:00 - 23:00,24 Hours,24 Hours,4/1/2022 18:53,1,NULL
1148,芬名酒店,,1025,香港灣仔菲林明道41號,"41 Fleming Road, Wanchai, Hong Kong",0,0,36072288,info@thefleming.com,66,07:00 - 23:00,24 Hours,24 Hours,4/1/2022 18:53,1,NULL
1149,香港諾富特世紀酒店,,1025,香港灣仔謝斐道238號,"238 Jaffe Road, Wanchai, Hong Kong",0,0,25988888,H3562@accor.com,516,07:00 - 23:00,24 Hours,24 Hours,4/1/2022 18:53,1,NULL
1150,灣仔八十八,,1025,香港灣仔譚臣道139號,"139 Thomson Road, Wanchai, Hong Kong",0,0,29054800,88hotels.com.hk,79,07:00 - 23:00,24 Hours,24 Hours,4/1/2022 18:53,1,NULL
1151,香港灣仔睿景酒店,,1025,香港灣仔軒尼詩道41-49號地下&2字樓-天台,"G/F & 2/F-Rooftop, 41-49 Hennessy Road, Wanchai, Hong Kong",0,0,28611166,adm.hkwh@kewgardenhotel.com,172,07:00 - 23:00,24 Hours,24 Hours,4/1/2022 18:53,1,NULL
1152,百利酒店,,1025,"香港灣仔軒尼詩道55號地下-4字樓(部份), 5-18字樓,19字樓(部份), 20-29字樓, 天台(部份)","G/F-4/F (portion), 5-18/F, 19/F (portion), 20-29/F, Roof (portion), 55 Hennessy Road, Wanchai, Hong Kong",0,0,37001000,enquiries@burlington-hk.com,163,07:00 - 23:00,24 Hours,24 Hours,4/1/2022 18:53,1,NULL
1153,星網商務精品酒店有限公司,,1025,"香港灣仔駱克道366號星圖商業大廈地下(部份), 5-23字樓& 天台(部份)","G/F (portion), 5-23/F & Roof (portion), Star Map Commercial Building, 366 Lockhart Road, Wanchai, Hong Kong",0,0,39612288,nail@wifihotel.com.hk,52,07:00 - 23:00,24 Hours,24 Hours,4/1/2022 18:53,1,NULL
1154,旭逸雅捷酒店．灣仔,,1025,"香港灣仔駱克道376-382號地下(部份), 16-24字樓(部份),","G/F (portion), 16-24/F (portion), 376-382 Lockhart Road, Wanchai, Hong Kong,",0,0,39580988,info.heawc@hotelease.com.hk,50,07:00 - 23:00,24 Hours,24 Hours,4/1/2022 18:53,1,NULL
1155,香港華美粵海酒店,,1025,香港灣仔駱克道57-73號,"57-73 Lockhart Road, Wanchai, Hong Kong",0,0,28611000,eo@wharney.com,361,07:00 - 23:00,24 Hours,24 Hours,4/1/2022 18:53,1,NULL
1156,香港數碼港艾美酒店,,1012,香港薄扶林數碼港道100號香港數碼港艾美酒店,"Le Méridien Hong Kong Cyberport, 100 Cyberport Road, Pokfulam, Hong Kong",0,0,29807788,welcome.lmc@lemeridien.com,176,07:00 - 23:00,24 Hours,24 Hours,4/1/2022 18:53,1,NULL
1157,港島太平洋酒店,,1015,香港西環干諾道西152號,"152 Connaught Road West, Western District, Hong Kong",0,0,21311188,info@islandpacifichotel.com.hk,344,07:00 - 23:00,24 Hours,24 Hours,4/1/2022 18:53,1,NULL
1158,香港珀麗酒店,,1004,香港銅鑼灣信德街8號珀麗酒店地下-35字樓(4、13、14&24字樓除外),"G/F-35/F (except 4/F, 13/F, 14/24/F), Rosedale Hotel, 8 Shun Tak Street, Causeway Bay, Hong Kong",0,0,21278888,hotel@rosedale.com.hk,299,07:00 - 23:00,24 Hours,24 Hours,4/1/2022 18:53,1,NULL
1159,柏寧酒店,,1004,香港銅鑼灣告士打道310號地下、6-26 & 28字樓,"G/F, 6-26 & 28/F, 310 Gloucester Road, Causeway Bay, Hong Kong",0,0,22938888,info@parklane.com.hk,810,07:00 - 23:00,24 Hours,24 Hours,4/1/2022 18:53,1,NULL
1160,富豪香港酒店,,1004,香港銅鑼灣怡和街88號,"88 Yee Wo Street, Causeway Bay, Hong Kong",0,0,28906633,rhk.info@regalhotel.com,429,07:00 - 23:00,24 Hours,24 Hours,4/1/2022 18:53,1,NULL
1161,富豪香港酒店,,1004,香港銅鑼灣怡和街88號31字樓-天台&天台高層,"31/F, 88 Yee Wo Street, Causeway Bay, Hong Kong - Roof & Roof High Floor",0,0,28906633,rhk.info@RegalHotel.com,52,07:00 - 23:00,24 Hours,24 Hours,4/1/2022 18:53,1,NULL
1162,銅鑼灣愛麗舍酒店,,1004,香港銅鑼灣摩頓臺7號地下-28字樓,"G/F-28/F, 7 Moreton Terrace, Causeway Bay, Hong Kong",0,0,31638888,lpr@rosedalehotels.com,94,07:00 - 23:00,24 Hours,24 Hours,4/1/2022 18:53,1,NULL
1163,香港逸蘭銅鑼灣酒店,,1004,香港銅鑼灣禮頓道133號5-28字樓,"5-28/F, 133 Leighton Road, Causeway Bay, Hong Kong",0,0,34776888,enquiry.lphk@lansonplace.com,194,07:00 - 23:00,24 Hours,24 Hours,4/1/2022 18:53,1,NULL
1164,香港銅鑼灣皇冠假日酒店,,1004,香港銅鑼灣禮頓道8號,"8 Leighton Road, Causeway Bay, Hong Kong",0,0,39803980,info@cphongkong.com,263,07:00 - 23:00,24 Hours,24 Hours,4/1/2022 18:53,1,NULL
1165,香港銅鑼灣維景酒店,,1004,香港銅鑼灣銅鑼灣道148號,"148 Causeway Bay Road, Causeway Bay, Hong Kong",0,0,26001000,es.hkcb@metroparkhotels.com,266,07:00 - 23:00,24 Hours,24 Hours,4/1/2022 18:53,1,NULL
